Cell ID,Remaining Useful Life
108,2.2888444973299977
109,2.0660681984899996
110,2.014416950790001
111,2.38427820259
112,2.27573016568
113,2.225992191969999
114,2.047440481610002
115,2.267697915269999
116,2.114564628560001
117,2.082843531500001
118,2.3246338137299984
119,2.2015501829000006
120,2.396604408209999
121,2.142287219550001
122,2.284806926529998
123,2.389587445179999
124,2.192256908079998
125,2.345661042069998
126,2.0909392740499984
